{"files":{"index.html":{"frameworks":["MY-FILE","wordpress.pinegrow","pg.insight.events","pg.svg.lib","pg.fontawesome","pg.css.grid","pg.image.overlay","pg.code-validator","pg.project.items","pg.asset.manager","pg.html","pg.components"]},"starter-template.html":{"frameworks":["pg.insight.events","pg.svg.lib","pg.css.grid","pg.image.overlay","pg.code-validator","pg.project.items","pg.asset.manager","mat1.0.0","pg.html","pg.components"]}},"urls":{"index.html":{"open-page-views":[{"w":1821,"h":0},{"w":412,"h":824}],"open-with-wrapper":false},"starter-template.html":{"open-page-views":[{"w":1345,"h":0}]}},"open-pages":["index.html"],"breakpoints":["360px","390px","420px","450px","480px","510px","540px","570px","601px","630px","660px","690px","720px","750px","780px","810px","840px","870px","900px","930px","960px","993px","1201px"],"frameworks":["pg.insight.events","pg.svg.lib","pg.css.grid","pg.image.overlay","pg.code-validator","pg.project.items","pg.asset.manager","mat1.0.0","pg.html","pg.components"],"template_framework_id":"materialize","active-design-provider":"plainhtml"}